{
  "time": { "useUTC": false },
  "chart": {
    "backgroundColor": "transparent",
    "spacing": 0,
    "spacingBottom": 10,
    "animation": false
  },
  "exporting": { "enabled": false },
  "navigator": { "enabled": false },
  "scrollbar": { "enabled": false },
  "credits": { "enabled": false },
  "rangeSelector": { "enabled": false },
  "title": { "enabled": false },
  "plotOptions": {
    "series": {
      "dataGrouping": {
        "enabled": false
      },
      "pointPadding": 0.18,
      "groupPadding": 0,
      "marker": { "states": { "hover": { "enabled": false, "radiusPlus": 2, "lineWidthPlus": 1 } } }
    },
    "line": { "marker": { "enabled": false } },
    "sma": { "marker": { "enabled": false } },
    "areaspline": {
      "pointPlacement": "onbetween",
      "showInLegend": false,
      "tooltip": {
        "valueDecimals": 2
      }
    },
    "candlestick": {
      "states": { "hover": { "halo": false, "brightness": 2, "lineWidthPlus": 1 } }
    },
    "scatter": {
      "tooltip": {
        "pointFormat": "{point.name}",
        "headerFormat": "{point.x:%Y-%m-%d %H:%M:%S}"
      }
    }
  },
  "tooltip": {
    "split": true,
    "hideDelay": 0,
    "borderWidth": 0,
    "shadow": false,
    "valueDecimals": 2,
    "padding": 4,
    "backgroundColor": "rgba(0, 0, 0, .5)",
    "style": { "color": "rgba(255, 255, 255, 1)" }
  },
  "xAxis": {
    "tickWidth": 0,
    "lineColor": "transparent",
    "crosshair": {
      "width": 1.5, "dashStyle": "dash"
    },
    "labels": {
      "y": 15
    }
  },
  "yAxis": [
    {
      "top": "0%",
      "height": "95%",
      "startOnTick": false,
      "endOnTick": false,
      "gridLineWidth": 2,
      "minorGridLineWidth": 1,
      "tickPosition": "outside",
      "showFirstLabel": false,
      "showLastLabel": false,
      "crosshair": {
        "width": 1.5, "dashStyle": "dash"
      },
      "labels": {
        "align": "right",
        "x": -5,
        "y": -8
      }
    },
    {
      "visible": false,
      "top": "70%",
      "height": "30%"
    },
    {
      "visible": false,
      "top": "70%",
      "height": "30%"
    }
  ],
  "series": [
    {
      "id": "price",
      "type": "candlestick",
      "name": "BTCUSD",
      "data": [],
      "lineWidth": 1
    },
    {
      "id": "buys",
      "type": "areaspline",
      "stacking": "area",
      "name": "BUYS",
      "data": [],
      "yAxis": 1
    },
    {
      "id": "sells",
      "type": "areaspline",
      "stacking": "area",
      "name": "SELLS",
      "color": "rgba(233, 30, 99, 1)",
      "data": [],
      "yAxis": 1
    },
    {
      "id": "liquidations",
      "type": "column",
      "name": "LIQUIDATIONS",
      "data": [],
      "fillColor": { "linearGradient": { "x1": 0, "y1": 0, "x2": 0, "y2": 1 }, "stops": [[0, "rgba(140, 97, 245, .5)"], [1, "rgba(140, 97, 245, .4)"]] },
      "yAxis": 1
    },
    { "type": "sma", "name": "Price SMA (14)", "linkedTo": "price", "marker": { "enabled": false } },
    { "type": "ema", "name": "SELLS ema (14)", "params": { "period": 14 }, "linkedTo": "sells", "marker": { "enabled": false }, "yAxis": 2 },
    { "type": "ema", "name": "BUYS ema (14)", "params": { "period": 14 }, "linkedTo": "buys", "marker": { "enabled": false }, "yAxis": 2 }
  ],
  "themes": {
    "bright": {
      "labels": "rgba(0, 0, 0, .2)",
      "up": "rgba(78, 186, 134, .85)",
      "upLine": "rgba(78, 186, 134, 1)",
      "down": "rgba(237, 75, 89, .85)",
      "downLine": "rgba(237, 75, 89, 1)",
      "buysLine": "rgba(139, 195, 74, 1)",
      "buysGradient": ["rgba(139, 195, 74, .5)", "rgba(139, 195, 74, .4)"],
      "sellsLine": "rgba(233, 30, 99, 1)",
      "sellsGradient": ["rgba(233, 30, 99, .5)", "rgba(233, 30, 99, .4)"],
      "liquidations": "rgba(140, 97, 245, 1)",
      "priceMA": "rgba(0, 0, 0, .25)",
      "buysMA": "rgba(139, 195, 74, .75)",
      "sellsMA": "rgba(233, 30, 99, .75)",
      "tooltipBackground": "rgba(0, 0, 0, .5)",
      "tooltipColor": "rgba(255, 255, 255, 1)",
      "crosshair": "rgba(0, 0, 0, .4)",
      "gridline": "rgba(0, 0, 0, .1)"
    },
    "dark": {
      "labels": "rgba(255, 255, 255, .2)",
      "up": "rgba(139, 195, 74, .85)",
      "upLine": "rgba(139, 195, 74, 1)",
      "down": "rgba(244, 67, 54, .85)",
      "downLine": "rgba(244, 67, 54, 1)",
      "buysLine": "rgba(139, 195, 74, 1)",
      "buysGradient": ["rgba(139, 195, 74, .5)", "rgba(139, 195, 74, .4)"],
      "sellsLine": "rgba(233, 30, 99, 1)",
      "sellsGradient": ["rgba(233, 30, 99, .5)", "rgba(233, 30, 99, .4)"],
      "liquidations": "rgba(140, 97, 245, 1)",
      "priceMA": "rgba(255, 255, 255, .25)",
      "buysMA": "rgba(139, 195, 74, 1)",
      "sellsMA": "rgba(216, 27, 96, 1)",
      "tooltipBackground": "rgba(0, 0, 0, .5)",
      "tooltipColor": "rgba(255, 255, 255, 1)",
      "crosshair": "rgba(255, 255, 255, .4)",
      "gridline": "rgba(255, 255, 255, .1)"
    }
  }
}
